prefecture,area,suumo_count,workplace_straight_distance_km,median_rent_est_yen,foreign_resident_ratio_pct_2020,estimated_avg_age_2020,crime_count,crime_rate_per_1000,population_2020,notes,representative_point,distance_basis,suumo_search_names,stat_names,sc_codes,bucket_count_sum,crime_basis,suumo_source_url
大阪府,大阪市都島区,1651.0,6.4,179011.62790697676,2.7098161328588373,44.501395294756016,1471.0,13.632488137603797,107904.0,大阪市は区単位,大阪府大阪市都島区,職場所在地から国土地理院住所検索で得た市区町村代表点までの直線距離。郡単位は構成町村代表点の平均点。,大阪市都島区,大阪市都島区,27102,1835.0,大阪府警 令和7年確定 市区町村別,https://suumo.jp/jj/chintai/ichiran/FR301FC001/?ar=060&bs=040&ta=27&sc=27102&md=07&md=08&md=09&md=10&md=11&md=12&md=13&md=14&mb=55&mt=9999999&co=1&shkr1=03&shkr2=03&shkr3=03&shkr4=03&cb=0.0&ct=9999999&et=9999999&cn=9999999&po1=25&po2=99&pc=10
大阪府,大阪市福島区,3438.0,11.0,216263.89560173996,1.812726906010488,42.17725090814738,843.0,10.626764824526019,79328.0,大阪市は区単位,大阪府大阪市福島区,職場所在地から国土地理院住所検索で得た市区町村代表点までの直線距離。郡単位は構成町村代表点の平均点。,大阪市福島区,大阪市福島区,27103,3414.0,大阪府警 令和7年確定 市区町村別,https://suumo.jp/jj/chintai/ichiran/FR301FC001/?ar=060&bs=040&ta=27&sc=27103&md=07&md=08&md=09&md=10&md=11&md=12&md=13&md=14&mb=55&mt=9999999&co=1&shkr1=03&shkr2=03&shkr3=03&shkr4=03&cb=0.0&ct=9999999&et=9999999&cn=9999999&po1=25&po2=99&pc=10
大阪府,大阪市此花区,179.0,13.1,153000.0,2.6957441265267965,45.66191577390784,915.0,14.022773597339505,65251.0,大阪市は区単位,大阪府大阪市此花区,職場所在地から国土地理院住所検索で得た市区町村代表点までの直線距離。郡単位は構成町村代表点の平均点。,大阪市此花区,大阪市此花区,27104,245.0,大阪府警 令和7年確定 市区町村別,https://suumo.jp/jj/chintai/ichiran/FR301FC001/?ar=060&bs=040&ta=27&sc=27104&md=07&md=08&md=09&md=10&md=11&md=12&md=13&md=14&mb=55&mt=9999999&co=1&shkr1=03&shkr2=03&shkr3=03&shkr4=03&cb=0.0&ct=9999999&et=9999999&cn=9999999&po1=25&po2=99&pc=10
大阪府,大阪市西区,2482.0,11.1,239869.4665153235,3.7586669437569666,41.046729949400365,1621.0,15.312387825659822,105862.0,大阪市は区単位,大阪府大阪市西区,職場所在地から国土地理院住所検索で得た市区町村代表点までの直線距離。郡単位は構成町村代表点の平均点。,大阪市西区,大阪市西区,27106,2663.0,大阪府警 令和7年確定 市区町村別,https://suumo.jp/jj/chintai/ichiran/FR301FC001/?ar=060&bs=040&ta=27&sc=27106&md=07&md=08&md=09&md=10&md=11&md=12&md=13&md=14&mb=55&mt=9999999&co=1&shkr1=03&shkr2=03&shkr3=03&shkr4=03&cb=0.0&ct=9999999&et=9999999&cn=9999999&po1=25&po2=99&pc=10
大阪府,大阪市港区,207.0,13.7,145909.0909090909,3.1180510945298217,45.877780926739405,828.0,10.228788852102584,80948.0,大阪市は区単位,大阪府大阪市港区,職場所在地から国土地理院住所検索で得た市区町村代表点までの直線距離。郡単位は構成町村代表点の平均点。,大阪市港区,大阪市港区,27107,260.0,大阪府警 令和7年確定 市区町村別,https://suumo.jp/jj/chintai/ichiran/FR301FC001/?ar=060&bs=040&ta=27&sc=27107&md=07&md=08&md=09&md=10&md=11&md=12&md=13&md=14&mb=55&mt=9999999&co=1&shkr1=03&shkr2=03&shkr3=03&shkr4=03&cb=0.0&ct=9999999&et=9999999&cn=9999999&po1=25&po2=99&pc=10
大阪府,大阪市大正区,230.0,14.0,134006.02409638555,2.240548942544658,47.611845098803954,619.0,9.970523331668895,62083.0,大阪市は区単位,大阪府大阪市大正区,職場所在地から国土地理院住所検索で得た市区町村代表点までの直線距離。郡単位は構成町村代表点の平均点。,大阪市大正区,大阪市大正区,27108,259.0,大阪府警 令和7年確定 市区町村別,https://suumo.jp/jj/chintai/ichiran/FR301FC001/?ar=060&bs=040&ta=27&sc=27108&md=07&md=08&md=09&md=10&md=11&md=12&md=13&md=14&mb=55&mt=9999999&co=1&shkr1=03&shkr2=03&shkr3=03&shkr4=03&cb=0.0&ct=9999999&et=9999999&cn=9999999&po1=25&po2=99&pc=10
大阪府,大阪市天王寺区,2148.0,10.9,215792.47434435575,5.160198665822661,41.89673097878341,1272.0,15.484247942737499,82148.0,大阪市は区単位,大阪府大阪市天王寺区,職場所在地から国土地理院住所検索で得た市区町村代表点までの直線距離。郡単位は構成町村代表点の平均点。,大阪市天王寺区,大阪市天王寺区,27109,2306.0,大阪府警 令和7年確定 市区町村別,https://suumo.jp/jj/chintai/ichiran/FR301FC001/?ar=060&bs=040&ta=27&sc=27109&md=07&md=08&md=09&md=10&md=11&md=12&md=13&md=14&mb=55&mt=9999999&co=1&shkr1=03&shkr2=03&shkr3=03&shkr4=03&cb=0.0&ct=9999999&et=9999999&cn=9999999&po1=25&po2=99&pc=10
大阪府,大阪市浪速区,3660.0,11.7,229425.3355704698,11.731828777283322,43.61630636195182,2422.0,32.077770714134346,75504.0,大阪市は区単位,大阪府大阪市浪速区,職場所在地から国土地理院住所検索で得た市区町村代表点までの直線距離。郡単位は構成町村代表点の平均点。,大阪市浪速区,大阪市浪速区,27111,3905.0,大阪府警 令和7年確定 市区町村別,https://suumo.jp/jj/chintai/ichiran/FR301FC001/?ar=060&bs=040&ta=27&sc=27111&md=07&md=08&md=09&md=10&md=11&md=12&md=13&md=14&mb=55&mt=9999999&co=1&shkr1=03&shkr2=03&shkr3=03&shkr4=03&cb=0.0&ct=9999999&et=9999999&cn=9999999&po1=25&po2=99&pc=10
大阪府,大阪市西淀川区,3302.0,11.4,188307.6131687243,3.7490611699908203,44.94772510845413,800.0,8.345155637152633,95864.0,大阪市は区単位,大阪府大阪市西淀川区,職場所在地から国土地理院住所検索で得た市区町村代表点までの直線距離。郡単位は構成町村代表点の平均点。,大阪市西淀川区,大阪市西淀川区,27113,3487.0,大阪府警 令和7年確定 市区町村別,https://suumo.jp/jj/chintai/ichiran/FR301FC001/?ar=060&bs=040&ta=27&sc=27113&md=07&md=08&md=09&md=10&md=11&md=12&md=13&md=14&mb=55&mt=9999999&co=1&shkr1=03&shkr2=03&shkr3=03&shkr4=03&cb=0.0&ct=9999999&et=9999999&cn=9999999&po1=25&po2=99&pc=10
大阪府,大阪市東淀川区,2955.0,4.0,154455.35714285716,3.519083107497742,45.16409211691763,1866.0,10.535230352303524,177120.0,大阪市は区単位,大阪府大阪市東淀川区,職場所在地から国土地理院住所検索で得た市区町村代表点までの直線距離。郡単位は構成町村代表点の平均点。,大阪市東淀川区,大阪市東淀川区,27114,3139.0,大阪府警 令和7年確定 市区町村別,https://suumo.jp/jj/chintai/ichiran/FR301FC001/?ar=060&bs=040&ta=27&sc=27114&md=07&md=08&md=09&md=10&md=11&md=12&md=13&md=14&mb=55&mt=9999999&co=1&shkr1=03&shkr2=03&shkr3=03&shkr4=03&cb=0.0&ct=9999999&et=9999999&cn=9999999&po1=25&po2=99&pc=10
大阪府,大阪市東成区,1834.0,8.9,164882.62910798125,7.211504487315384,45.10330614050176,904.0,10.647068522837019,84906.0,大阪市は区単位,大阪府大阪市東成区,職場所在地から国土地理院住所検索で得た市区町村代表点までの直線距離。郡単位は構成町村代表点の平均点。,大阪市東成区,大阪市東成区,27115,2156.0,大阪府警 令和7年確定 市区町村別,https://suumo.jp/jj/chintai/ichiran/FR301FC001/?ar=060&bs=040&ta=27&sc=27115&md=07&md=08&md=09&md=10&md=11&md=12&md=13&md=14&mb=55&mt=9999999&co=1&shkr1=03&shkr2=03&shkr3=03&shkr4=03&cb=0.0&ct=9999999&et=9999999&cn=9999999&po1=25&po2=99&pc=10
大阪府,大阪市生野区,957.0,10.8,128686.13138686132,18.582346888279698,47.61698719303436,1362.0,10.698379533261592,127309.0,大阪市は区単位,大阪府大阪市生野区,職場所在地から国土地理院住所検索で得た市区町村代表点までの直線距離。郡単位は構成町村代表点の平均点。,大阪市生野区,大阪市生野区,27116,1184.0,大阪府警 令和7年確定 市区町村別,https://suumo.jp/jj/chintai/ichiran/FR301FC001/?ar=060&bs=040&ta=27&sc=27116&md=07&md=08&md=09&md=10&md=11&md=12&md=13&md=14&mb=55&mt=9999999&co=1&shkr1=03&shkr2=03&shkr3=03&shkr4=03&cb=0.0&ct=9999999&et=9999999&cn=9999999&po1=25&po2=99&pc=10
大阪府,大阪市旭区,667.0,3.8,154391.1439114391,2.278353964536634,46.776847441134215,836.0,9.323073491691758,89670.0,大阪市は区単位,大阪府大阪市旭区,職場所在地から国土地理院住所検索で得た市区町村代表点までの直線距離。郡単位は構成町村代表点の平均点。,大阪市旭区,大阪市旭区,27117,786.0,大阪府警 令和7年確定 市区町村別,https://suumo.jp/jj/chintai/ichiran/FR301FC001/?ar=060&bs=040&ta=27&sc=27117&md=07&md=08&md=09&md=10&md=11&md=12&md=13&md=14&mb=55&mt=9999999&co=1&shkr1=03&shkr2=03&shkr3=03&shkr4=03&cb=0.0&ct=9999999&et=9999999&cn=9999999&po1=25&po2=99&pc=10
大阪府,大阪市城東区,1739.0,5.4,168857.83718104495,2.7797660950172443,44.59631772152657,1247.0,7.376821282158978,169043.0,大阪市は区単位,大阪府大阪市城東区,職場所在地から国土地理院住所検索で得た市区町村代表点までの直線距離。郡単位は構成町村代表点の平均点。,大阪市城東区,大阪市城東区,27118,2051.0,大阪府警 令和7年確定 市区町村別,https://suumo.jp/jj/chintai/ichiran/FR301FC001/?ar=060&bs=040&ta=27&sc=27118&md=07&md=08&md=09&md=10&md=11&md=12&md=13&md=14&mb=55&mt=9999999&co=1&shkr1=03&shkr2=03&shkr3=03&shkr4=03&cb=0.0&ct=9999999&et=9999999&cn=9999999&po1=25&po2=99&pc=10
大阪府,大阪市阿倍野区,1475.0,12.9,174121.62162162163,2.5568719311680708,44.36554703832753,1289.0,11.613135726834543,110995.0,大阪市は区単位,大阪府大阪市阿倍野区,職場所在地から国土地理院住所検索で得た市区町村代表点までの直線距離。郡単位は構成町村代表点の平均点。,大阪市阿倍野区,大阪市阿倍野区,27119,1706.0,大阪府警 令和7年確定 市区町村別,https://suumo.jp/jj/chintai/ichiran/FR301FC001/?ar=060&bs=040&ta=27&sc=27119&md=07&md=08&md=09&md=10&md=11&md=12&md=13&md=14&mb=55&mt=9999999&co=1&shkr1=03&shkr2=03&shkr3=03&shkr4=03&cb=0.0&ct=9999999&et=9999999&cn=9999999&po1=25&po2=99&pc=10
大阪府,大阪市住吉区,2215.0,17.1,143926.99115044248,2.208342044741794,45.955874661214395,1417.0,9.25804934141752,153056.0,大阪市は区単位,大阪府大阪市住吉区,職場所在地から国土地理院住所検索で得た市区町村代表点までの直線距離。郡単位は構成町村代表点の平均点。,大阪市住吉区,大阪市住吉区,27120,2489.0,大阪府警 令和7年確定 市区町村別,https://suumo.jp/jj/chintai/ichiran/FR301FC001/?ar=060&bs=040&ta=27&sc=27120&md=07&md=08&md=09&md=10&md=11&md=12&md=13&md=14&mb=55&mt=9999999&co=1&shkr1=03&shkr2=03&shkr3=03&shkr4=03&cb=0.0&ct=9999999&et=9999999&cn=9999999&po1=25&po2=99&pc=10
大阪府,大阪市東住吉区,2168.0,14.4,155731.09243697478,2.3582507489303786,46.228284532272966,1441.0,11.271108886264265,127849.0,大阪市は区単位,大阪府大阪市東住吉区,職場所在地から国土地理院住所検索で得た市区町村代表点までの直線距離。郡単位は構成町村代表点の平均点。,大阪市東住吉区,大阪市東住吉区,27121,2446.0,大阪府警 令和7年確定 市区町村別,https://suumo.jp/jj/chintai/ichiran/FR301FC001/?ar=060&bs=040&ta=27&sc=27121&md=07&md=08&md=09&md=10&md=11&md=12&md=13&md=14&mb=55&mt=9999999&co=1&shkr1=03&shkr2=03&shkr3=03&shkr4=03&cb=0.0&ct=9999999&et=9999999&cn=9999999&po1=25&po2=99&pc=10
大阪府,大阪市西成区,159.0,14.2,132058.82352941175,6.902206180320608,51.1518964296551,2302.0,21.694263554202674,106111.0,大阪市は区単位,大阪府大阪市西成区,職場所在地から国土地理院住所検索で得た市区町村代表点までの直線距離。郡単位は構成町村代表点の平均点。,大阪市西成区,大阪市西成区,27122,203.0,大阪府警 令和7年確定 市区町村別,https://suumo.jp/jj/chintai/ichiran/FR301FC001/?ar=060&bs=040&ta=27&sc=27122&md=07&md=08&md=09&md=10&md=11&md=12&md=13&md=14&mb=55&mt=9999999&co=1&shkr1=03&shkr2=03&shkr3=03&shkr4=03&cb=0.0&ct=9999999&et=9999999&cn=9999999&po1=25&po2=99&pc=10
大阪府,大阪市淀川区,1754.0,8.4,171518.5185185185,3.5345936634613286,44.25765386431607,2153.0,11.736551754213819,183444.0,大阪市は区単位,大阪府大阪市淀川区,職場所在地から国土地理院住所検索で得た市区町村代表点までの直線距離。郡単位は構成町村代表点の平均点。,大阪市淀川区,大阪市淀川区,27123,2063.0,大阪府警 令和7年確定 市区町村別,https://suumo.jp/jj/chintai/ichiran/FR301FC001/?ar=060&bs=040&ta=27&sc=27123&md=07&md=08&md=09&md=10&md=11&md=12&md=13&md=14&mb=55&mt=9999999&co=1&shkr1=03&shkr2=03&shkr3=03&shkr4=03&cb=0.0&ct=9999999&et=9999999&cn=9999999&po1=25&po2=99&pc=10
大阪府,大阪市鶴見区,1356.0,4.6,141091.37055837564,1.6673913622205854,42.77835232647178,852.0,7.56049728904704,112691.0,大阪市は区単位,大阪府大阪市鶴見区,職場所在地から国土地理院住所検索で得た市区町村代表点までの直線距離。郡単位は構成町村代表点の平均点。,大阪市鶴見区,大阪市鶴見区,27124,1396.0,大阪府警 令和7年確定 市区町村別,https://suumo.jp/jj/chintai/ichiran/FR301FC001/?ar=060&bs=040&ta=27&sc=27124&md=07&md=08&md=09&md=10&md=11&md=12&md=13&md=14&mb=55&mt=9999999&co=1&shkr1=03&shkr2=03&shkr3=03&shkr4=03&cb=0.0&ct=9999999&et=9999999&cn=9999999&po1=25&po2=99&pc=10
大阪府,大阪市住之江区,1117.0,17.2,145269.23076923078,3.055666600039976,47.08357230643178,1372.0,11.426477446865213,120072.0,大阪市は区単位,大阪府大阪市住之江区,職場所在地から国土地理院住所検索で得た市区町村代表点までの直線距離。郡単位は構成町村代表点の平均点。,大阪市住之江区,大阪市住之江区,27125,1303.0,大阪府警 令和7年確定 市区町村別,https://suumo.jp/jj/chintai/ichiran/FR301FC001/?ar=060&bs=040&ta=27&sc=27125&md=07&md=08&md=09&md=10&md=11&md=12&md=13&md=14&mb=55&mt=9999999&co=1&shkr1=03&shkr2=03&shkr3=03&shkr4=03&cb=0.0&ct=9999999&et=9999999&cn=9999999&po1=25&po2=99&pc=10
大阪府,大阪市平野区,2051.0,14.0,106589.86175115209,3.8271784837004037,46.02146810683003,1702.0,8.857571089554103,192152.0,大阪市は区単位,大阪府大阪市平野区,職場所在地から国土地理院住所検索で得た市区町村代表点までの直線距離。郡単位は構成町村代表点の平均点。,大阪市平野区,大阪市平野区,27126,2524.0,大阪府警 令和7年確定 市区町村別,https://suumo.jp/jj/chintai/ichiran/FR301FC001/?ar=060&bs=040&ta=27&sc=27126&md=07&md=08&md=09&md=10&md=11&md=12&md=13&md=14&mb=55&mt=9999999&co=1&shkr1=03&shkr2=03&shkr3=03&shkr4=03&cb=0.0&ct=9999999&et=9999999&cn=9999999&po1=25&po2=99&pc=10
大阪府,大阪市北区,4508.0,7.3,210664.8936170213,3.5070600390311104,42.76677791705438,4789.0,34.36029158535185,139376.0,大阪市は区単位,大阪府大阪市北区,職場所在地から国土地理院住所検索で得た市区町村代表点までの直線距離。郡単位は構成町村代表点の平均点。,大阪市北区,大阪市北区,27127,4185.0,大阪府警 令和7年確定 市区町村別,https://suumo.jp/jj/chintai/ichiran/FR301FC001/?ar=060&bs=040&ta=27&sc=27127&md=07&md=08&md=09&md=10&md=11&md=12&md=13&md=14&mb=55&mt=9999999&co=1&shkr1=03&shkr2=03&shkr3=03&shkr4=03&cb=0.0&ct=9999999&et=9999999&cn=9999999&po1=25&po2=99&pc=10
大阪府,大阪市中央区,5767.0,9.2,263629.18509159825,7.031988122553651,41.93509770611669,6162.0,59.40651331392322,103726.0,大阪市は区単位,大阪府大阪市中央区,職場所在地から国土地理院住所検索で得た市区町村代表点までの直線距離。郡単位は構成町村代表点の平均点。,大阪市中央区,大阪市中央区,27128,5771.0,大阪府警 令和7年確定 市区町村別,https://suumo.jp/jj/chintai/ichiran/FR301FC001/?ar=060&bs=040&ta=27&sc=27128&md=07&md=08&md=09&md=10&md=11&md=12&md=13&md=14&mb=55&mt=9999999&co=1&shkr1=03&shkr2=03&shkr3=03&shkr4=03&cb=0.0&ct=9999999&et=9999999&cn=9999999&po1=25&po2=99&pc=10
大阪府,堺市,11055.0,20.8,114965.79247434436,1.5113276952071086,45.6448266118388,6651.0,8.050488948280057,826161.0,堺市7区を市単位に集約,大阪府堺市,職場所在地から国土地理院住所検索で得た市区町村代表点までの直線距離。郡単位は構成町村代表点の平均点。,堺市堺区 / 堺市中区 / 堺市東区 / 堺市西区 / 堺市南区 / 堺市北区 / 堺市美原区,堺市,"27141,27142,27143,27144,27145,27146,27147",12495.0,大阪府警 令和7年確定 市区町村別,https://suumo.jp/jj/chintai/ichiran/FR301FC001/?ar=060&bs=040&ta=27&sc=27141&sc=27142&sc=27143&sc=27144&sc=27145&sc=27146&sc=27147&md=07&md=08&md=09&md=10&md=11&md=12&md=13&md=14&mb=55&mt=9999999&co=1&shkr1=03&shkr2=03&shkr3=03&shkr4=03&cb=0.0&ct=9999999&et=9999999&cn=9999999&po1=25&po2=99&pc=10
大阪府,岸和田市,2224.0,36.7,74861.31386861314,1.265616968603468,45.52724988932566,1665.0,8.732914433173537,190658.0,,大阪府岸和田市,職場所在地から国土地理院住所検索で得た市区町村代表点までの直線距離。郡単位は構成町村代表点の平均点。,岸和田市,岸和田市,27202,2544.0,大阪府警 令和7年確定 市区町村別,https://suumo.jp/jj/chintai/ichiran/FR301FC001/?ar=060&bs=040&ta=27&sc=27202&md=07&md=08&md=09&md=10&md=11&md=12&md=13&md=14&mb=55&mt=9999999&co=1&shkr1=03&shkr2=03&shkr3=03&shkr4=03&cb=0.0&ct=9999999&et=9999999&cn=9999999&po1=25&po2=99&pc=10
大阪府,豊中市,8847.0,10.3,124994.47513812153,1.31662175825161,44.37714663967369,2298.0,5.722710044377151,401558.0,,大阪府豊中市,職場所在地から国土地理院住所検索で得た市区町村代表点までの直線距離。郡単位は構成町村代表点の平均点。,豊中市,豊中市,27203,10672.0,大阪府警 令和7年確定 市区町村別,https://suumo.jp/jj/chintai/ichiran/FR301FC001/?ar=060&bs=040&ta=27&sc=27203&md=07&md=08&md=09&md=10&md=11&md=12&md=13&md=14&mb=55&mt=9999999&co=1&shkr1=03&shkr2=03&shkr3=03&shkr4=03&cb=0.0&ct=9999999&et=9999999&cn=9999999&po1=25&po2=99&pc=10
大阪府,池田市,1812.0,15.7,120365.8536585366,1.792500452411113,45.069484822678376,564.0,5.371786690541274,104993.0,,大阪府池田市,職場所在地から国土地理院住所検索で得た市区町村代表点までの直線距離。郡単位は構成町村代表点の平均点。,池田市,池田市,27204,2175.0,大阪府警 令和7年確定 市区町村別,https://suumo.jp/jj/chintai/ichiran/FR301FC001/?ar=060&bs=040&ta=27&sc=27204&md=07&md=08&md=09&md=10&md=11&md=12&md=13&md=14&mb=55&mt=9999999&co=1&shkr1=03&shkr2=03&shkr3=03&shkr4=03&cb=0.0&ct=9999999&et=9999999&cn=9999999&po1=25&po2=99&pc=10
大阪府,吹田市,8514.0,5.4,135827.9220779221,1.2236524391350918,43.406858446358534,2141.0,5.552861111039067,385567.0,,大阪府吹田市,職場所在地から国土地理院住所検索で得た市区町村代表点までの直線距離。郡単位は構成町村代表点の平均点。,吹田市,吹田市,27205,10473.0,大阪府警 令和7年確定 市区町村別,https://suumo.jp/jj/chintai/ichiran/FR301FC001/?ar=060&bs=040&ta=27&sc=27205&md=07&md=08&md=09&md=10&md=11&md=12&md=13&md=14&mb=55&mt=9999999&co=1&shkr1=03&shkr2=03&shkr3=03&shkr4=03&cb=0.0&ct=9999999&et=9999999&cn=9999999&po1=25&po2=99&pc=10
大阪府,泉大津市,1017.0,30.7,83109.45273631842,1.5871096059775305,44.73177058380672,676.0,9.084556254367575,74412.0,,大阪府泉大津市,職場所在地から国土地理院住所検索で得た市区町村代表点までの直線距離。郡単位は構成町村代表点の平均点。,泉大津市,泉大津市,27206,1137.0,大阪府警 令和7年確定 市区町村別,https://suumo.jp/jj/chintai/ichiran/FR301FC001/?ar=060&bs=040&ta=27&sc=27206&md=07&md=08&md=09&md=10&md=11&md=12&md=13&md=14&mb=55&mt=9999999&co=1&shkr1=03&shkr2=03&shkr3=03&shkr4=03&cb=0.0&ct=9999999&et=9999999&cn=9999999&po1=25&po2=99&pc=10
大阪府,高槻市,6141.0,11.9,104009.009009009,0.8568236848521964,45.950269676243906,1773.0,5.0269635779051765,352698.0,,大阪府高槻市,職場所在地から国土地理院住所検索で得た市区町村代表点までの直線距離。郡単位は構成町村代表点の平均点。,高槻市,高槻市,27207,7168.0,大阪府警 令和7年確定 市区町村別,https://suumo.jp/jj/chintai/ichiran/FR301FC001/?ar=060&bs=040&ta=27&sc=27207&md=07&md=08&md=09&md=10&md=11&md=12&md=13&md=14&mb=55&mt=9999999&co=1&shkr1=03&shkr2=03&shkr3=03&shkr4=03&cb=0.0&ct=9999999&et=9999999&cn=9999999&po1=25&po2=99&pc=10
大阪府,貝塚市,399.0,39.5,71545.45454545454,1.0243596272041495,45.04735326106443,612.0,7.247492391317221,84443.0,,大阪府貝塚市,職場所在地から国土地理院住所検索で得た市区町村代表点までの直線距離。郡単位は構成町村代表点の平均点。,貝塚市,貝塚市,27208,458.0,大阪府警 令和7年確定 市区町村別,https://suumo.jp/jj/chintai/ichiran/FR301FC001/?ar=060&bs=040&ta=27&sc=27208&md=07&md=08&md=09&md=10&md=11&md=12&md=13&md=14&mb=55&mt=9999999&co=1&shkr1=03&shkr2=03&shkr3=03&shkr4=03&cb=0.0&ct=9999999&et=9999999&cn=9999999&po1=25&po2=99&pc=10
大阪府,守口市,899.0,1.5,97182.74111675128,1.5535025437468553,46.30955487997247,1324.0,9.252529770224186,143096.0,,大阪府守口市,職場所在地から国土地理院住所検索で得た市区町村代表点までの直線距離。郡単位は構成町村代表点の平均点。,守口市,守口市,27209,1075.0,大阪府警 令和7年確定 市区町村別,https://suumo.jp/jj/chintai/ichiran/FR301FC001/?ar=060&bs=040&ta=27&sc=27209&md=07&md=08&md=09&md=10&md=11&md=12&md=13&md=14&mb=55&mt=9999999&co=1&shkr1=03&shkr2=03&shkr3=03&shkr4=03&cb=0.0&ct=9999999&et=9999999&cn=9999999&po1=25&po2=99&pc=10
大阪府,枚方市,6183.0,10.4,80065.45820745216,0.7777713452927214,46.137003639524146,1814.0,4.565945696961154,397289.0,,大阪府枚方市,職場所在地から国土地理院住所検索で得た市区町村代表点までの直線距離。郡単位は構成町村代表点の平均点。,枚方市,枚方市,27210,7343.0,大阪府警 令和7年確定 市区町村別,https://suumo.jp/jj/chintai/ichiran/FR301FC001/?ar=060&bs=040&ta=27&sc=27210&md=07&md=08&md=09&md=10&md=11&md=12&md=13&md=14&mb=55&mt=9999999&co=1&shkr1=03&shkr2=03&shkr3=03&shkr4=03&cb=0.0&ct=9999999&et=9999999&cn=9999999&po1=25&po2=99&pc=10
大阪府,茨木市,8517.0,7.9,105838.97158322057,1.1177145240329476,43.6595613928528,1757.0,6.106419212456122,287730.0,,大阪府茨木市,職場所在地から国土地理院住所検索で得た市区町村代表点までの直線距離。郡単位は構成町村代表点の平均点。,茨木市,茨木市,27211,10177.0,大阪府警 令和7年確定 市区町村別,https://suumo.jp/jj/chintai/ichiran/FR301FC001/?ar=060&bs=040&ta=27&sc=27211&md=07&md=08&md=09&md=10&md=11&md=12&md=13&md=14&mb=55&mt=9999999&co=1&shkr1=03&shkr2=03&shkr3=03&shkr4=03&cb=0.0&ct=9999999&et=9999999&cn=9999999&po1=25&po2=99&pc=10
大阪府,八尾市,4793.0,13.4,85078.90365448505,2.6843811639875756,45.7469925188184,2085.0,7.878568027750696,264642.0,,大阪府八尾市,職場所在地から国土地理院住所検索で得た市区町村代表点までの直線距離。郡単位は構成町村代表点の平均点。,八尾市,八尾市,27212,5625.0,大阪府警 令和7年確定 市区町村別,https://suumo.jp/jj/chintai/ichiran/FR301FC001/?ar=060&bs=040&ta=27&sc=27212&md=07&md=08&md=09&md=10&md=11&md=12&md=13&md=14&mb=55&mt=9999999&co=1&shkr1=03&shkr2=03&shkr3=03&shkr4=03&cb=0.0&ct=9999999&et=9999999&cn=9999999&po1=25&po2=99&pc=10
大阪府,泉佐野市,601.0,43.9,77527.77777777777,1.7327301235381651,45.157799458434326,879.0,8.778500164784132,100131.0,,大阪府泉佐野市,職場所在地から国土地理院住所検索で得た市区町村代表点までの直線距離。郡単位は構成町村代表点の平均点。,泉佐野市,泉佐野市,27213,677.0,大阪府警 令和7年確定 市区町村別,https://suumo.jp/jj/chintai/ichiran/FR301FC001/?ar=060&bs=040&ta=27&sc=27213&md=07&md=08&md=09&md=10&md=11&md=12&md=13&md=14&mb=55&mt=9999999&co=1&shkr1=03&shkr2=03&shkr3=03&shkr4=03&cb=0.0&ct=9999999&et=9999999&cn=9999999&po1=25&po2=99&pc=10
大阪府,富田林市,1005.0,27.4,74094.48818897638,1.2060828526481384,46.6610928260627,704.0,6.476600520703962,108699.0,,大阪府富田林市,職場所在地から国土地理院住所検索で得た市区町村代表点までの直線距離。郡単位は構成町村代表点の平均点。,富田林市,富田林市,27214,1252.0,大阪府警 令和7年確定 市区町村別,https://suumo.jp/jj/chintai/ichiran/FR301FC001/?ar=060&bs=040&ta=27&sc=27214&md=07&md=08&md=09&md=10&md=11&md=12&md=13&md=14&mb=55&mt=9999999&co=1&shkr1=03&shkr2=03&shkr3=03&shkr4=03&cb=0.0&ct=9999999&et=9999999&cn=9999999&po1=25&po2=99&pc=10
大阪府,寝屋川市,3087.0,5.5,84494.79940564636,1.1430660810593167,46.54991559840062,1789.0,7.787300910187043,229733.0,,大阪府寝屋川市,職場所在地から国土地理院住所検索で得た市区町村代表点までの直線距離。郡単位は構成町村代表点の平均点。,寝屋川市,寝屋川市,27215,3609.0,大阪府警 令和7年確定 市区町村別,https://suumo.jp/jj/chintai/ichiran/FR301FC001/?ar=060&bs=040&ta=27&sc=27215&md=07&md=08&md=09&md=10&md=11&md=12&md=13&md=14&mb=55&mt=9999999&co=1&shkr1=03&shkr2=03&shkr3=03&shkr4=03&cb=0.0&ct=9999999&et=9999999&cn=9999999&po1=25&po2=99&pc=10
大阪府,河内長野市,1494.0,32.0,63304.34782608695,0.6067340597097116,48.87219681908549,489.0,4.808637847618298,101692.0,,大阪府河内長野市,職場所在地から国土地理院住所検索で得た市区町村代表点までの直線距離。郡単位は構成町村代表点の平均点。,河内長野市,河内長野市,27216,1670.0,大阪府警 令和7年確定 市区町村別,https://suumo.jp/jj/chintai/ichiran/FR301FC001/?ar=060&bs=040&ta=27&sc=27216&md=07&md=08&md=09&md=10&md=11&md=12&md=13&md=14&mb=55&mt=9999999&co=1&shkr1=03&shkr2=03&shkr3=03&shkr4=03&cb=0.0&ct=9999999&et=9999999&cn=9999999&po1=25&po2=99&pc=10
大阪府,松原市,758.0,18.7,96578.94736842104,1.2597648778912114,46.85351300499992,1211.0,10.29403014255234,117641.0,,大阪府松原市,職場所在地から国土地理院住所検索で得た市区町村代表点までの直線距離。郡単位は構成町村代表点の平均点。,松原市,松原市,27217,877.0,大阪府警 令和7年確定 市区町村別,https://suumo.jp/jj/chintai/ichiran/FR301FC001/?ar=060&bs=040&ta=27&sc=27217&md=07&md=08&md=09&md=10&md=11&md=12&md=13&md=14&mb=55&mt=9999999&co=1&shkr1=03&shkr2=03&shkr3=03&shkr4=03&cb=0.0&ct=9999999&et=9999999&cn=9999999&po1=25&po2=99&pc=10
大阪府,大東市,1035.0,5.9,83634.96932515338,2.1178382635066644,45.2314900907416,1181.0,9.893856761081372,119367.0,,大阪府大東市,職場所在地から国土地理院住所検索で得た市区町村代表点までの直線距離。郡単位は構成町村代表点の平均点。,大東市,大東市,27218,1257.0,大阪府警 令和7年確定 市区町村別,https://suumo.jp/jj/chintai/ichiran/FR301FC001/?ar=060&bs=040&ta=27&sc=27218&md=07&md=08&md=09&md=10&md=11&md=12&md=13&md=14&mb=55&mt=9999999&co=1&shkr1=03&shkr2=03&shkr3=03&shkr4=03&cb=0.0&ct=9999999&et=9999999&cn=9999999&po1=25&po2=99&pc=10
大阪府,和泉市,954.0,32.2,79560.66945606696,1.226591506544893,44.229011938163616,1308.0,7.0896230250142285,184495.0,,大阪府和泉市,職場所在地から国土地理院住所検索で得た市区町村代表点までの直線距離。郡単位は構成町村代表点の平均点。,和泉市,和泉市,27219,1145.0,大阪府警 令和7年確定 市区町村別,https://suumo.jp/jj/chintai/ichiran/FR301FC001/?ar=060&bs=040&ta=27&sc=27219&md=07&md=08&md=09&md=10&md=11&md=12&md=13&md=14&mb=55&mt=9999999&co=1&shkr1=03&shkr2=03&shkr3=03&shkr4=03&cb=0.0&ct=9999999&et=9999999&cn=9999999&po1=25&po2=99&pc=10
大阪府,箕面市,2270.0,13.0,116250.0,1.733787298711167,43.84331350566452,723.0,5.282461934126311,136868.0,,大阪府箕面市,職場所在地から国土地理院住所検索で得た市区町村代表点までの直線距離。郡単位は構成町村代表点の平均点。,箕面市,箕面市,27220,2671.0,大阪府警 令和7年確定 市区町村別,https://suumo.jp/jj/chintai/ichiran/FR301FC001/?ar=060&bs=040&ta=27&sc=27220&md=07&md=08&md=09&md=10&md=11&md=12&md=13&md=14&mb=55&mt=9999999&co=1&shkr1=03&shkr2=03&shkr3=03&shkr4=03&cb=0.0&ct=9999999&et=9999999&cn=9999999&po1=25&po2=99&pc=10
大阪府,柏原市,871.0,19.3,70870.78651685394,1.8611414031261357,46.327039464922535,358.0,5.205379861868411,68775.0,,大阪府柏原市,職場所在地から国土地理院住所検索で得た市区町村代表点までの直線距離。郡単位は構成町村代表点の平均点。,柏原市,柏原市,27221,1017.0,大阪府警 令和7年確定 市区町村別,https://suumo.jp/jj/chintai/ichiran/FR301FC001/?ar=060&bs=040&ta=27&sc=27221&md=07&md=08&md=09&md=10&md=11&md=12&md=13&md=14&mb=55&mt=9999999&co=1&shkr1=03&shkr2=03&shkr3=03&shkr4=03&cb=0.0&ct=9999999&et=9999999&cn=9999999&po1=25&po2=99&pc=10
大阪府,羽曳野市,1123.0,21.1,77161.71617161717,0.8736756915832844,46.76489118516179,587.0,5.398396115361978,108736.0,,大阪府羽曳野市,職場所在地から国土地理院住所検索で得た市区町村代表点までの直線距離。郡単位は構成町村代表点の平均点。,羽曳野市,羽曳野市,27222,1304.0,大阪府警 令和7年確定 市区町村別,https://suumo.jp/jj/chintai/ichiran/FR301FC001/?ar=060&bs=040&ta=27&sc=27222&md=07&md=08&md=09&md=10&md=11&md=12&md=13&md=14&mb=55&mt=9999999&co=1&shkr1=03&shkr2=03&shkr3=03&shkr4=03&cb=0.0&ct=9999999&et=9999999&cn=9999999&po1=25&po2=99&pc=10
大阪府,門真市,766.0,1.4,86424.7311827957,2.365485454727631,46.96968475881843,1524.0,12.725025884239004,119764.0,,大阪府門真市,職場所在地から国土地理院住所検索で得た市区町村代表点までの直線距離。郡単位は構成町村代表点の平均点。,門真市,門真市,27223,981.0,大阪府警 令和7年確定 市区町村別,https://suumo.jp/jj/chintai/ichiran/FR301FC001/?ar=060&bs=040&ta=27&sc=27223&md=07&md=08&md=09&md=10&md=11&md=12&md=13&md=14&mb=55&mt=9999999&co=1&shkr1=03&shkr2=03&shkr3=03&shkr4=03&cb=0.0&ct=9999999&et=9999999&cn=9999999&po1=25&po2=99&pc=10
大阪府,摂津市,1431.0,3.7,92207.2072072072,1.5802231979509695,44.57145793207122,650.0,7.432308818148554,87456.0,,大阪府摂津市,職場所在地から国土地理院住所検索で得た市区町村代表点までの直線距離。郡単位は構成町村代表点の平均点。,摂津市,摂津市,27224,1635.0,大阪府警 令和7年確定 市区町村別,https://suumo.jp/jj/chintai/ichiran/FR301FC001/?ar=060&bs=040&ta=27&sc=27224&md=07&md=08&md=09&md=10&md=11&md=12&md=13&md=14&mb=55&mt=9999999&co=1&shkr1=03&shkr2=03&shkr3=03&shkr4=03&cb=0.0&ct=9999999&et=9999999&cn=9999999&po1=25&po2=99&pc=10
大阪府,高石市,930.0,27.7,100641.02564102564,0.8358047991372337,45.46375785307041,391.0,7.027950031455019,55635.0,,大阪府高石市,職場所在地から国土地理院住所検索で得た市区町村代表点までの直線距離。郡単位は構成町村代表点の平均点。,高石市,高石市,27225,1041.0,大阪府警 令和7年確定 市区町村別,https://suumo.jp/jj/chintai/ichiran/FR301FC001/?ar=060&bs=040&ta=27&sc=27225&md=07&md=08&md=09&md=10&md=11&md=12&md=13&md=14&mb=55&mt=9999999&co=1&shkr1=03&shkr2=03&shkr3=03&shkr4=03&cb=0.0&ct=9999999&et=9999999&cn=9999999&po1=25&po2=99&pc=10
大阪府,藤井寺市,751.0,19.2,73932.38434163702,1.0755558346941338,45.72106210477692,448.0,7.034292174349956,63688.0,,大阪府藤井寺市,職場所在地から国土地理院住所検索で得た市区町村代表点までの直線距離。郡単位は構成町村代表点の平均点。,藤井寺市,藤井寺市,27226,901.0,大阪府警 令和7年確定 市区町村別,https://suumo.jp/jj/chintai/ichiran/FR301FC001/?ar=060&bs=040&ta=27&sc=27226&md=07&md=08&md=09&md=10&md=11&md=12&md=13&md=14&mb=55&mt=9999999&co=1&shkr1=03&shkr2=03&shkr3=03&shkr4=03&cb=0.0&ct=9999999&et=9999999&cn=9999999&po1=25&po2=99&pc=10
大阪府,東大阪市,9580.0,7.8,98413.1205673759,2.6794752399076813,46.11898572879408,5189.0,10.505324533344131,493940.0,,大阪府東大阪市,職場所在地から国土地理院住所検索で得た市区町村代表点までの直線距離。郡単位は構成町村代表点の平均点。,東大阪市,東大阪市,27227,11224.0,大阪府警 令和7年確定 市区町村別,https://suumo.jp/jj/chintai/ichiran/FR301FC001/?ar=060&bs=040&ta=27&sc=27227&md=07&md=08&md=09&md=10&md=11&md=12&md=13&md=14&mb=55&mt=9999999&co=1&shkr1=03&shkr2=03&shkr3=03&shkr4=03&cb=0.0&ct=9999999&et=9999999&cn=9999999&po1=25&po2=99&pc=10
大阪府,泉南市,454.0,50.3,66191.58878504673,0.9800006655352568,46.002983343698,420.0,6.988120195667365,60102.0,,大阪府泉南市,職場所在地から国土地理院住所検索で得た市区町村代表点までの直線距離。郡単位は構成町村代表点の平均点。,泉南市,泉南市,27228,487.0,大阪府警 令和7年確定 市区町村別,https://suumo.jp/jj/chintai/ichiran/FR301FC001/?ar=060&bs=040&ta=27&sc=27228&md=07&md=08&md=09&md=10&md=11&md=12&md=13&md=14&mb=55&mt=9999999&co=1&shkr1=03&shkr2=03&shkr3=03&shkr4=03&cb=0.0&ct=9999999&et=9999999&cn=9999999&po1=25&po2=99&pc=10
大阪府,四條畷市,578.0,6.1,82580.64516129032,0.8717400366094568,45.21723431872612,364.0,6.59695162839589,55177.0,,大阪府四條畷市,職場所在地から国土地理院住所検索で得た市区町村代表点までの直線距離。郡単位は構成町村代表点の平均点。,四條畷市,四條畷市,27229,658.0,大阪府警 令和7年確定 市区町村別,https://suumo.jp/jj/chintai/ichiran/FR301FC001/?ar=060&bs=040&ta=27&sc=27229&md=07&md=08&md=09&md=10&md=11&md=12&md=13&md=14&mb=55&mt=9999999&co=1&shkr1=03&shkr2=03&shkr3=03&shkr4=03&cb=0.0&ct=9999999&et=9999999&cn=9999999&po1=25&po2=99&pc=10
大阪府,交野市,1892.0,10.8,98308.51063829787,0.6650407154185491,45.54990446668359,337.0,4.491357136193408,75033.0,,大阪府交野市,職場所在地から国土地理院住所検索で得た市区町村代表点までの直線距離。郡単位は構成町村代表点の平均点。,交野市,交野市,27230,2051.0,大阪府警 令和7年確定 市区町村別,https://suumo.jp/jj/chintai/ichiran/FR301FC001/?ar=060&bs=040&ta=27&sc=27230&md=07&md=08&md=09&md=10&md=11&md=12&md=13&md=14&mb=55&mt=9999999&co=1&shkr1=03&shkr2=03&shkr3=03&shkr4=03&cb=0.0&ct=9999999&et=9999999&cn=9999999&po1=25&po2=99&pc=10
大阪府,大阪狭山市,917.0,26.9,83861.38613861386,0.6434499871652263,45.168874229818634,430.0,7.358603576623599,58435.0,,大阪府大阪狭山市,職場所在地から国土地理院住所検索で得た市区町村代表点までの直線距離。郡単位は構成町村代表点の平均点。,大阪狭山市,大阪狭山市,27231,1022.0,大阪府警 令和7年確定 市区町村別,https://suumo.jp/jj/chintai/ichiran/FR301FC001/?ar=060&bs=040&ta=27&sc=27231&md=07&md=08&md=09&md=10&md=11&md=12&md=13&md=14&mb=55&mt=9999999&co=1&shkr1=03&shkr2=03&shkr3=03&shkr4=03&cb=0.0&ct=9999999&et=9999999&cn=9999999&po1=25&po2=99&pc=10
大阪府,阪南市,263.0,52.7,65972.22222222222,0.6672649939516916,47.77977598373634,249.0,4.858157412104421,51254.0,,大阪府阪南市,職場所在地から国土地理院住所検索で得た市区町村代表点までの直線距離。郡単位は構成町村代表点の平均点。,阪南市,阪南市,27232,288.0,大阪府警 令和7年確定 市区町村別,https://suumo.jp/jj/chintai/ichiran/FR301FC001/?ar=060&bs=040&ta=27&sc=27232&md=07&md=08&md=09&md=10&md=11&md=12&md=13&md=14&mb=55&mt=9999999&co=1&shkr1=03&shkr2=03&shkr3=03&shkr4=03&cb=0.0&ct=9999999&et=9999999&cn=9999999&po1=25&po2=99&pc=10
大阪府,三島郡,210.0,17.4,123904.1095890411,0.7242862223946713,44.43976450744429,104.0,3.362757461118117,30927.0,SUUMO検索単位が郡単位,大阪府島本町,職場所在地から国土地理院住所検索で得た市区町村代表点までの直線距離。郡単位は構成町村代表点の平均点。,三島郡,島本町,27300,307.0,大阪府警 令和7年確定 市区町村別,https://suumo.jp/jj/chintai/ichiran/FR301FC001/?ar=060&bs=040&ta=27&sc=27300&md=07&md=08&md=09&md=10&md=11&md=12&md=13&md=14&mb=55&mt=9999999&co=1&shkr1=03&shkr2=03&shkr3=03&shkr4=03&cb=0.0&ct=9999999&et=9999999&cn=9999999&po1=25&po2=99&pc=10
大阪府,豊能郡,35.0,24.8,73529.41176470587,0.6871847357262958,53.559128826674595,63.0,2.302799912274289,27358.0,SUUMO検索単位が郡単位,大阪府豊能町 / 大阪府能勢町,職場所在地から国土地理院住所検索で得た市区町村代表点までの直線距離。郡単位は構成町村代表点の平均点。,豊能郡,豊能町 / 能勢町,27320,40.0,大阪府警 令和7年確定 市区町村別,https://suumo.jp/jj/chintai/ichiran/FR301FC001/?ar=060&bs=040&ta=27&sc=27320&md=07&md=08&md=09&md=10&md=11&md=12&md=13&md=14&mb=55&mt=9999999&co=1&shkr1=03&shkr2=03&shkr3=03&shkr4=03&cb=0.0&ct=9999999&et=9999999&cn=9999999&po1=25&po2=99&pc=10
大阪府,泉北郡,227.0,32.7,66056.91056910569,2.637773887849339,45.88924835217996,107.0,6.458622562926299,16567.0,SUUMO検索単位が郡単位,大阪府忠岡町,職場所在地から国土地理院住所検索で得た市区町村代表点までの直線距離。郡単位は構成町村代表点の平均点。,泉北郡,忠岡町,27340,235.0,大阪府警 令和7年確定 市区町村別,https://suumo.jp/jj/chintai/ichiran/FR301FC001/?ar=060&bs=040&ta=27&sc=27340&md=07&md=08&md=09&md=10&md=11&md=12&md=13&md=14&mb=55&mt=9999999&co=1&shkr1=03&shkr2=03&shkr3=03&shkr4=03&cb=0.0&ct=9999999&et=9999999&cn=9999999&po1=25&po2=99&pc=10
大阪府,泉南郡,322.0,50.4,74194.63087248322,0.6573246885177328,46.55270740485427,380.0,5.676895037198602,66938.0,SUUMO検索単位が郡単位,大阪府熊取町 / 大阪府田尻町 / 大阪府岬町,職場所在地から国土地理院住所検索で得た市区町村代表点までの直線距離。郡単位は構成町村代表点の平均点。,泉南郡,熊取町 / 田尻町 / 岬町,27360,367.0,大阪府警 令和7年確定 市区町村別,https://suumo.jp/jj/chintai/ichiran/FR301FC001/?ar=060&bs=040&ta=27&sc=27360&md=07&md=08&md=09&md=10&md=11&md=12&md=13&md=14&mb=55&mt=9999999&co=1&shkr1=03&shkr2=03&shkr3=03&shkr4=03&cb=0.0&ct=9999999&et=9999999&cn=9999999&po1=25&po2=99&pc=10
大阪府,南河内郡,83.0,28.7,66764.70588235294,0.7942882641677822,47.7023325165111,166.0,4.938271604938271,33615.0,SUUMO検索単位が郡単位,大阪府太子町 / 大阪府河南町 / 大阪府千早赤阪村,職場所在地から国土地理院住所検索で得た市区町村代表点までの直線距離。郡単位は構成町村代表点の平均点。,南河内郡,太子町 / 河南町 / 千早赤阪村,27380,100.0,大阪府警 令和7年確定 市区町村別,https://suumo.jp/jj/chintai/ichiran/FR301FC001/?ar=060&bs=040&ta=27&sc=27380&md=07&md=08&md=09&md=10&md=11&md=12&md=13&md=14&mb=55&mt=9999999&co=1&shkr1=03&shkr2=03&shkr3=03&shkr4=03&cb=0.0&ct=9999999&et=9999999&cn=9999999&po1=25&po2=99&pc=10
奈良県,奈良市,9595.0,22.2,92547.4083438685,0.859205368976116,47.04358139307404,1611.0,4.67,354630.0,生駒市周辺,奈良県奈良市,職場所在地から国土地理院住所検索で得た市区町村代表点までの直線距離。郡単位は構成町村代表点の平均点。,奈良市,奈良市,29201,11142.0,奈良県警 令和7年確定 市町村別,https://suumo.jp/jj/chintai/ichiran/FR301FC001/?ar=060&bs=040&ta=29&sc=29201&md=07&md=08&md=09&md=10&md=11&md=12&md=13&md=14&mb=55&mt=9999999&co=1&shkr1=03&shkr2=03&shkr3=03&shkr4=03&cb=0.0&ct=9999999&et=9999999&cn=9999999&po1=25&po2=99&pc=10
奈良県,大和高田市,855.0,29.6,58139.88095238095,0.8616221819124125,47.528487422410976,357.0,6.03,61744.0,橿原市周辺,奈良県大和高田市,職場所在地から国土地理院住所検索で得た市区町村代表点までの直線距離。郡単位は構成町村代表点の平均点。,大和高田市,大和高田市,29202,1009.0,奈良県警 令和7年確定 市町村別,https://suumo.jp/jj/chintai/ichiran/FR301FC001/?ar=060&bs=040&ta=29&sc=29202&md=07&md=08&md=09&md=10&md=11&md=12&md=13&md=14&mb=55&mt=9999999&co=1&shkr1=03&shkr2=03&shkr3=03&shkr4=03&cb=0.0&ct=9999999&et=9999999&cn=9999999&po1=25&po2=99&pc=10
奈良県,大和郡山市,1030.0,21.9,84040.0,0.7996638050069039,47.73231331911003,451.0,5.64,83285.0,橿原市周辺 / 生駒市周辺,奈良県大和郡山市,職場所在地から国土地理院住所検索で得た市区町村代表点までの直線距離。郡単位は構成町村代表点の平均点。,大和郡山市,大和郡山市,29203,1143.0,奈良県警 令和7年確定 市町村別,https://suumo.jp/jj/chintai/ichiran/FR301FC001/?ar=060&bs=040&ta=29&sc=29203&md=07&md=08&md=09&md=10&md=11&md=12&md=13&md=14&mb=55&mt=9999999&co=1&shkr1=03&shkr2=03&shkr3=03&shkr4=03&cb=0.0&ct=9999999&et=9999999&cn=9999999&po1=25&po2=99&pc=10
奈良県,天理市,1878.0,29.3,66391.30434782608,1.158258855201991,45.04162761512923,418.0,6.97,63889.0,橿原市周辺,奈良県天理市,職場所在地から国土地理院住所検索で得た市区町村代表点までの直線距離。郡単位は構成町村代表点の平均点。,天理市,天理市,29204,1959.0,奈良県警 令和7年確定 市町村別,https://suumo.jp/jj/chintai/ichiran/FR301FC001/?ar=060&bs=040&ta=29&sc=29204&md=07&md=08&md=09&md=10&md=11&md=12&md=13&md=14&mb=55&mt=9999999&co=1&shkr1=03&shkr2=03&shkr3=03&shkr4=03&cb=0.0&ct=9999999&et=9999999&cn=9999999&po1=25&po2=99&pc=10
奈良県,橿原市,2904.0,33.0,75594.29477020602,0.7475893551214833,45.87651359282245,774.0,6.58,120922.0,橿原市周辺,奈良県橿原市,職場所在地から国土地理院住所検索で得た市区町村代表点までの直線距離。郡単位は構成町村代表点の平均点。,橿原市,橿原市,29205,3318.0,奈良県警 令和7年確定 市町村別,https://suumo.jp/jj/chintai/ichiran/FR301FC001/?ar=060&bs=040&ta=29&sc=29205&md=07&md=08&md=09&md=10&md=11&md=12&md=13&md=14&mb=55&mt=9999999&co=1&shkr1=03&shkr2=03&shkr3=03&shkr4=03&cb=0.0&ct=9999999&et=9999999&cn=9999999&po1=25&po2=99&pc=10
奈良県,桜井市,997.0,35.2,65265.251989389915,1.0882840840731356,47.12040707704732,383.0,7.3,54857.0,橿原市周辺,奈良県桜井市,職場所在地から国土地理院住所検索で得た市区町村代表点までの直線距離。郡単位は構成町村代表点の平均点。,桜井市,桜井市,29206,1015.0,奈良県警 令和7年確定 市町村別,https://suumo.jp/jj/chintai/ichiran/FR301FC001/?ar=060&bs=040&ta=29&sc=29206&md=07&md=08&md=09&md=10&md=11&md=12&md=13&md=14&mb=55&mt=9999999&co=1&shkr1=03&shkr2=03&shkr3=03&shkr4=03&cb=0.0&ct=9999999&et=9999999&cn=9999999&po1=25&po2=99&pc=10
奈良県,御所市,268.0,34.9,57469.135802469136,1.103917662682603,51.93644879267277,119.0,5.49,24096.0,橿原市周辺,奈良県御所市,職場所在地から国土地理院住所検索で得た市区町村代表点までの直線距離。郡単位は構成町村代表点の平均点。,御所市,御所市,29208,288.0,奈良県警 令和7年確定 市町村別,https://suumo.jp/jj/chintai/ichiran/FR301FC001/?ar=060&bs=040&ta=29&sc=29208&md=07&md=08&md=09&md=10&md=11&md=12&md=13&md=14&mb=55&mt=9999999&co=1&shkr1=03&shkr2=03&shkr3=03&shkr4=03&cb=0.0&ct=9999999&et=9999999&cn=9999999&po1=25&po2=99&pc=10
奈良県,生駒市,1886.0,13.1,74163.46153846155,1.0396400257124492,45.24002054593484,344.0,3.02,116675.0,生駒市周辺,奈良県生駒市,職場所在地から国土地理院住所検索で得た市区町村代表点までの直線距離。郡単位は構成町村代表点の平均点。,生駒市,生駒市,29209,2193.0,奈良県警 令和7年確定 市町村別,https://suumo.jp/jj/chintai/ichiran/FR301FC001/?ar=060&bs=040&ta=29&sc=29209&md=07&md=08&md=09&md=10&md=11&md=12&md=13&md=14&mb=55&mt=9999999&co=1&shkr1=03&shkr2=03&shkr3=03&shkr4=03&cb=0.0&ct=9999999&et=9999999&cn=9999999&po1=25&po2=99&pc=10
奈良県,香芝市,1586.0,25.4,82868.85245901639,0.650339892207443,42.95746334386819,279.0,3.63,78113.0,橿原市周辺,奈良県香芝市,職場所在地から国土地理院住所検索で得た市区町村代表点までの直線距離。郡単位は構成町村代表点の平均点。,香芝市,香芝市,29210,1735.0,奈良県警 令和7年確定 市町村別,https://suumo.jp/jj/chintai/ichiran/FR301FC001/?ar=060&bs=040&ta=29&sc=29210&md=07&md=08&md=09&md=10&md=11&md=12&md=13&md=14&mb=55&mt=9999999&co=1&shkr1=03&shkr2=03&shkr3=03&shkr4=03&cb=0.0&ct=9999999&et=9999999&cn=9999999&po1=25&po2=99&pc=10
奈良県,葛城市,941.0,31.8,69125.6830601093,0.9475456125108601,44.52596342259961,177.0,4.78,36832.0,橿原市周辺,奈良県葛城市,職場所在地から国土地理院住所検索で得た市区町村代表点までの直線距離。郡単位は構成町村代表点の平均点。,葛城市,葛城市,29211,990.0,奈良県警 令和7年確定 市町村別,https://suumo.jp/jj/chintai/ichiran/FR301FC001/?ar=060&bs=040&ta=29&sc=29211&md=07&md=08&md=09&md=10&md=11&md=12&md=13&md=14&mb=55&mt=9999999&co=1&shkr1=03&shkr2=03&shkr3=03&shkr4=03&cb=0.0&ct=9999999&et=9999999&cn=9999999&po1=25&po2=99&pc=10
奈良県,生駒郡斑鳩町,389.0,20.9,72164.17910447762,0.6561061369485627,45.81946367412373,98.0,3.6,27587.0,生駒市周辺,奈良県生駒郡斑鳩町,職場所在地から国土地理院住所検索で得た市区町村代表点までの直線距離。郡単位は構成町村代表点の平均点。,生駒郡斑鳩町,斑鳩町,29344,419.0,奈良県警 令和7年確定 市町村別,https://suumo.jp/jj/chintai/ichiran/FR301FC001/?ar=060&bs=040&ta=29&sc=29344&md=07&md=08&md=09&md=10&md=11&md=12&md=13&md=14&mb=55&mt=9999999&co=1&shkr1=03&shkr2=03&shkr3=03&shkr4=03&cb=0.0&ct=9999999&et=9999999&cn=9999999&po1=25&po2=99&pc=10
奈良県,生駒郡三郷町,302.0,19.6,58545.454545454544,0.637409018476248,47.155776392136495,69.0,3.06,23219.0,生駒市周辺,奈良県生駒郡三郷町,職場所在地から国土地理院住所検索で得た市区町村代表点までの直線距離。郡単位は構成町村代表点の平均点。,生駒郡三郷町,三郷町,29343,324.0,奈良県警 令和7年確定 市町村別,https://suumo.jp/jj/chintai/ichiran/FR301FC001/?ar=060&bs=040&ta=29&sc=29343&md=07&md=08&md=09&md=10&md=11&md=12&md=13&md=14&mb=55&mt=9999999&co=1&shkr1=03&shkr2=03&shkr3=03&shkr4=03&cb=0.0&ct=9999999&et=9999999&cn=9999999&po1=25&po2=99&pc=10
奈良県,生駒郡平群町,219.0,17.4,76058.82352941176,0.5497251374312844,49.98866926503341,107.0,6.15,18009.0,生駒市周辺,奈良県生駒郡平群町,職場所在地から国土地理院住所検索で得た市区町村代表点までの直線距離。郡単位は構成町村代表点の平均点。,生駒郡平群町,平群町,29342,231.0,奈良県警 令和7年確定 市町村別,https://suumo.jp/jj/chintai/ichiran/FR301FC001/?ar=060&bs=040&ta=29&sc=29342&md=07&md=08&md=09&md=10&md=11&md=12&md=13&md=14&mb=55&mt=9999999&co=1&shkr1=03&shkr2=03&shkr3=03&shkr4=03&cb=0.0&ct=9999999&et=9999999&cn=9999999&po1=25&po2=99&pc=10
奈良県,生駒郡安堵町,66.0,22.8,63790.32258064516,2.809688581314879,49.162988826815635,20.0,2.93,7225.0,生駒市周辺,奈良県生駒郡安堵町,職場所在地から国土地理院住所検索で得た市区町村代表点までの直線距離。郡単位は構成町村代表点の平均点。,生駒郡安堵町,安堵町,29345,79.0,奈良県警 令和7年確定 市町村別,https://suumo.jp/jj/chintai/ichiran/FR301FC001/?ar=060&bs=040&ta=29&sc=29345&md=07&md=08&md=09&md=10&md=11&md=12&md=13&md=14&mb=55&mt=9999999&co=1&shkr1=03&shkr2=03&shkr3=03&shkr4=03&cb=0.0&ct=9999999&et=9999999&cn=9999999&po1=25&po2=99&pc=10
奈良県,磯城郡川西町,113.0,25.7,89629.62962962964,1.922370515489164,47.83859089235301,40.0,5.2,8167.0,橿原市周辺,奈良県磯城郡川西町,職場所在地から国土地理院住所検索で得た市区町村代表点までの直線距離。郡単位は構成町村代表点の平均点。,磯城郡川西町,川西町,29361,116.0,奈良県警 令和7年確定 市町村別,https://suumo.jp/jj/chintai/ichiran/FR301FC001/?ar=060&bs=040&ta=29&sc=29361&md=07&md=08&md=09&md=10&md=11&md=12&md=13&md=14&mb=55&mt=9999999&co=1&shkr1=03&shkr2=03&shkr3=03&shkr4=03&cb=0.0&ct=9999999&et=9999999&cn=9999999&po1=25&po2=99&pc=10
奈良県,磯城郡田原本町,429.0,29.2,70756.3025210084,0.667158482214453,47.071969329321554,141.0,4.62,31177.0,橿原市周辺,奈良県磯城郡田原本町,職場所在地から国土地理院住所検索で得た市区町村代表点までの直線距離。郡単位は構成町村代表点の平均点。,磯城郡田原本町,田原本町,29363,470.0,奈良県警 令和7年確定 市町村別,https://suumo.jp/jj/chintai/ichiran/FR301FC001/?ar=060&bs=040&ta=29&sc=29363&md=07&md=08&md=09&md=10&md=11&md=12&md=13&md=14&mb=55&mt=9999999&co=1&shkr1=03&shkr2=03&shkr3=03&shkr4=03&cb=0.0&ct=9999999&et=9999999&cn=9999999&po1=25&po2=99&pc=10
奈良県,磯城郡三宅町,37.0,26.4,84264.70588235294,1.2890200341667961,49.159002640981825,21.0,3.48,6439.0,橿原市周辺,奈良県磯城郡三宅町,職場所在地から国土地理院住所検索で得た市区町村代表点までの直線距離。郡単位は構成町村代表点の平均点。,磯城郡三宅町,三宅町,29362,39.0,奈良県警 令和7年確定 市町村別,https://suumo.jp/jj/chintai/ichiran/FR301FC001/?ar=060&bs=040&ta=29&sc=29362&md=07&md=08&md=09&md=10&md=11&md=12&md=13&md=14&mb=55&mt=9999999&co=1&shkr1=03&shkr2=03&shkr3=03&shkr4=03&cb=0.0&ct=9999999&et=9999999&cn=9999999&po1=25&po2=99&pc=10
奈良県,高市郡高取町,3.0,38.6,55000.0,0.13374944271065536,51.28853046594982,23.0,3.79,6729.0,橿原市周辺,奈良県高市郡高取町,職場所在地から国土地理院住所検索で得た市区町村代表点までの直線距離。郡単位は構成町村代表点の平均点。,高市郡高取町,高取町,29401,3.0,奈良県警 令和7年確定 市町村別,https://suumo.jp/jj/chintai/ichiran/FR301FC001/?ar=060&bs=040&ta=29&sc=29401&md=07&md=08&md=09&md=10&md=11&md=12&md=13&md=14&mb=55&mt=9999999&co=1&shkr1=03&shkr2=03&shkr3=03&shkr4=03&cb=0.0&ct=9999999&et=9999999&cn=9999999&po1=25&po2=99&pc=10
奈良県,高市郡明日香村,49.0,37.6,67903.2258064516,0.28963120293492955,50.81725937379203,16.0,3.41,5179.0,橿原市周辺,奈良県高市郡明日香村,職場所在地から国土地理院住所検索で得た市区町村代表点までの直線距離。郡単位は構成町村代表点の平均点。,高市郡明日香村,明日香村,29402,49.0,奈良県警 令和7年確定 市町村別,https://suumo.jp/jj/chintai/ichiran/FR301FC001/?ar=060&bs=040&ta=29&sc=29402&md=07&md=08&md=09&md=10&md=11&md=12&md=13&md=14&mb=55&mt=9999999&co=1&shkr1=03&shkr2=03&shkr3=03&shkr4=03&cb=0.0&ct=9999999&et=9999999&cn=9999999&po1=25&po2=99&pc=10
奈良県,北葛城郡広陵町,415.0,27.8,76714.28571428571,0.5264714581484767,44.02474968060136,98.0,2.9,33810.0,橿原市周辺,奈良県北葛城郡広陵町,職場所在地から国土地理院住所検索で得た市区町村代表点までの直線距離。郡単位は構成町村代表点の平均点。,北葛城郡広陵町,広陵町,29426,459.0,奈良県警 令和7年確定 市町村別,https://suumo.jp/jj/chintai/ichiran/FR301FC001/?ar=060&bs=040&ta=29&sc=29426&md=07&md=08&md=09&md=10&md=11&md=12&md=13&md=14&mb=55&mt=9999999&co=1&shkr1=03&shkr2=03&shkr3=03&shkr4=03&cb=0.0&ct=9999999&et=9999999&cn=9999999&po1=25&po2=99&pc=10
奈良県,北葛城郡河合町,25.0,23.8,74722.22222222222,0.6522505582324598,49.990788852149265,70.0,4.36,17018.0,橿原市周辺,奈良県北葛城郡河合町,職場所在地から国土地理院住所検索で得た市区町村代表点までの直線距離。郡単位は構成町村代表点の平均点。,北葛城郡河合町,河合町,29427,27.0,奈良県警 令和7年確定 市町村別,https://suumo.jp/jj/chintai/ichiran/FR301FC001/?ar=060&bs=040&ta=29&sc=29427&md=07&md=08&md=09&md=10&md=11&md=12&md=13&md=14&mb=55&mt=9999999&co=1&shkr1=03&shkr2=03&shkr3=03&shkr4=03&cb=0.0&ct=9999999&et=9999999&cn=9999999&po1=25&po2=99&pc=10
奈良県,北葛城郡王寺町,758.0,20.7,83517.06036745406,0.8110468743501227,44.76378896882494,106.0,4.51,24043.0,橿原市周辺,奈良県北葛城郡王寺町,職場所在地から国土地理院住所検索で得た市区町村代表点までの直線距離。郡単位は構成町村代表点の平均点。,北葛城郡王寺町,王寺町,29425,794.0,奈良県警 令和7年確定 市町村別,https://suumo.jp/jj/chintai/ichiran/FR301FC001/?ar=060&bs=040&ta=29&sc=29425&md=07&md=08&md=09&md=10&md=11&md=12&md=13&md=14&mb=55&mt=9999999&co=1&shkr1=03&shkr2=03&shkr3=03&shkr4=03&cb=0.0&ct=9999999&et=9999999&cn=9999999&po1=25&po2=99&pc=10
奈良県,北葛城郡上牧町,172.0,24.2,62663.04347826087,0.6309293543336096,49.0737312333057,95.0,4.64,21714.0,橿原市周辺,奈良県北葛城郡上牧町,職場所在地から国土地理院住所検索で得た市区町村代表点までの直線距離。郡単位は構成町村代表点の平均点。,北葛城郡上牧町,上牧町,29424,211.0,奈良県警 令和7年確定 市町村別,https://suumo.jp/jj/chintai/ichiran/FR301FC001/?ar=060&bs=040&ta=29&sc=29424&md=07&md=08&md=09&md=10&md=11&md=12&md=13&md=14&mb=55&mt=9999999&co=1&shkr1=03&shkr2=03&shkr3=03&shkr4=03&cb=0.0&ct=9999999&et=9999999&cn=9999999&po1=25&po2=99&pc=10
兵庫県,尼崎市,8490.0,15.3,103346.97732997482,1.8320557536777107,46.02673941318559,4791.0,10.424440755189918,459593.0,尼崎市周辺 / 兵庫県犯罪率は警察署別近似,兵庫県尼崎市,職場所在地から国土地理院住所検索で得た市区町村代表点までの直線距離。郡単位は構成町村代表点の平均点。,尼崎市,尼崎市,28202,10547.0,兵庫県警 令和7年 警察署別近似,https://suumo.jp/jj/chintai/ichiran/FR301FC001/?ar=060&bs=040&ta=28&sc=28202&md=07&md=08&md=09&md=10&md=11&md=12&md=13&md=14&mb=55&mt=9999999&co=1&shkr1=03&shkr2=03&shkr3=03&shkr4=03&cb=0.0&ct=9999999&et=9999999&cn=9999999&po1=25&po2=99&pc=10
兵庫県,西宮市,26303.0,21.2,143192.41475295756,1.2570352995446747,43.72594488861159,3502.0,7.211889939392941,485587.0,尼崎市周辺 / 兵庫県犯罪率は警察署別近似,兵庫県西宮市,職場所在地から国土地理院住所検索で得た市区町村代表点までの直線距離。郡単位は構成町村代表点の平均点。,西宮市,西宮市,28204,30809.0,兵庫県警 令和7年 警察署別近似,https://suumo.jp/jj/chintai/ichiran/FR301FC001/?ar=060&bs=040&ta=28&sc=28204&md=07&md=08&md=09&md=10&md=11&md=12&md=13&md=14&mb=55&mt=9999999&co=1&shkr1=03&shkr2=03&shkr3=03&shkr4=03&cb=0.0&ct=9999999&et=9999999&cn=9999999&po1=25&po2=99&pc=10
兵庫県,芦屋市,4274.0,24.7,146141.30434782608,1.5342518259832627,46.11718495515646,497.0,5.291624965396819,93922.0,尼崎市周辺 / 兵庫県犯罪率は警察署別近似,兵庫県芦屋市,職場所在地から国土地理院住所検索で得た市区町村代表点までの直線距離。郡単位は構成町村代表点の平均点。,芦屋市,芦屋市,28206,4721.0,兵庫県警 令和7年 警察署別近似,https://suumo.jp/jj/chintai/ichiran/FR301FC001/?ar=060&bs=040&ta=28&sc=28206&md=07&md=08&md=09&md=10&md=11&md=12&md=13&md=14&mb=55&mt=9999999&co=1&shkr1=03&shkr2=03&shkr3=03&shkr4=03&cb=0.0&ct=9999999&et=9999999&cn=9999999&po1=25&po2=99&pc=10
兵庫県,伊丹市,5590.0,16.4,88206.52173913043,1.4141658843836113,44.26818737003614,1580.0,7.974240176038922,198138.0,尼崎市周辺 / 兵庫県犯罪率は警察署別近似,兵庫県伊丹市,職場所在地から国土地理院住所検索で得た市区町村代表点までの直線距離。郡単位は構成町村代表点の平均点。,伊丹市,伊丹市,28207,6875.0,兵庫県警 令和7年 警察署別近似,https://suumo.jp/jj/chintai/ichiran/FR301FC001/?ar=060&bs=040&ta=28&sc=28207&md=07&md=08&md=09&md=10&md=11&md=12&md=13&md=14&mb=55&mt=9999999&co=1&shkr1=03&shkr2=03&shkr3=03&shkr4=03&cb=0.0&ct=9999999&et=9999999&cn=9999999&po1=25&po2=99&pc=10
兵庫県,宝塚市,5995.0,20.4,104501.44508670521,1.119541407574901,45.39108786423024,1047.0,4.623904748445449,226432.0,尼崎市周辺 / 兵庫県犯罪率は警察署別近似,兵庫県宝塚市,職場所在地から国土地理院住所検索で得た市区町村代表点までの直線距離。郡単位は構成町村代表点の平均点。,宝塚市,宝塚市,28214,7107.0,兵庫県警 令和7年 警察署別近似,https://suumo.jp/jj/chintai/ichiran/FR301FC001/?ar=060&bs=040&ta=28&sc=28214&md=07&md=08&md=09&md=10&md=11&md=12&md=13&md=14&mb=55&mt=9999999&co=1&shkr1=03&shkr2=03&shkr3=03&shkr4=03&cb=0.0&ct=9999999&et=9999999&cn=9999999&po1=25&po2=99&pc=10
兵庫県,川西市,1226.0,17.1,86587.98283261803,0.775992804669087,47.0453106008344,878.0,5.764142829944657,152321.0,尼崎市周辺 / 兵庫県犯罪率は警察署別近似,兵庫県川西市,職場所在地から国土地理院住所検索で得た市区町村代表点までの直線距離。郡単位は構成町村代表点の平均点。,川西市,川西市,28217,1439.0,兵庫県警 令和7年 警察署別近似,https://suumo.jp/jj/chintai/ichiran/FR301FC001/?ar=060&bs=040&ta=28&sc=28217&md=07&md=08&md=09&md=10&md=11&md=12&md=13&md=14&mb=55&mt=9999999&co=1&shkr1=03&shkr2=03&shkr3=03&shkr4=03&cb=0.0&ct=9999999&et=9999999&cn=9999999&po1=25&po2=99&pc=10
